{"stat.useItem.ic2.cable":4,"stat.useItem.emt.electrichoegrowth":2,"stat.leaveGame":3,"stat.useItem.emt.rockbreakerdrill":11,"stat.useItem.emt.streamchainsaw":22,"stat.mineBlock.industrialupgrade.heavyore":1,"stat.pickup.industrialupgrade.wiring_storage":1,"stat.useItem.base.wrench":1,"stat.jump":311,"stat.swimOneCm":512,"stat.fallOneCm":3165,"stat.pickup.gregtech.machine":1,"stat.crouchOneCm":6396,"stat.pickup.minecraft.dirt":5,"stat.useItem.minecraft.stone_slab2":102,"stat.useItem.ic2.electric_wrench":6,"stat.drop.avaritia.infinity_helmet":1,"stat.pickup.industrialupgrade.heavyore":1,"stat.damageTaken":460,"stat.pickup.minecraft.cobblestone":3,"stat.useItem.gregtech.meta_tool":5,"stat.flyOneCm":407284,"stat.damageDealt":10,"stat.timeSinceDeath":200149,"stat.useItem.wirelessutils.fluxed_pearl":2,"stat.drop.gregtech.meta_dust_tiny":1,"stat.mineBlock.minecraft.dirt":4,"stat.pickup.minecraft.mutton":2,"stat.walkOneCm":109852,"stat.pickup.draconicevolution.chaos_shard":1,"stat.pickup.gregtech.meta_dust_tiny":1,"stat.useItem.ic2.wrench_new":7,"stat.wirelessutils.ThrownPearls":2,"stat.pickup.minecraft.log":21,"stat.pickup.gregtech.meta_dust":64,"stat.pickup.industrialupgrade.baseore":1,"stat.pickup.minecraft.sapling":2,"stat.sprintOneCm":2931,"stat.useItem.industrialupgrade.upgrade_block_item":1,"stat.pickup.industrialupgrade.basemachine":1,"stat.pickup.gregtech.meta_item_1":1,"stat.mineBlock.industrialupgrade.baseore":1,"stat.drop.draconicevolution.chaos_shard":1,"stat.useItem.thaumcraft.curio":69,"stat.mineBlock.minecraft.log":25,"stat.deaths":1,"stat.drop":3,"stat.mineBlock.minecraft.leaves":17,"stat.playOneMinute":210080,"stat.sneakTime":4353,"stat.pickup.minecraft.wool":1,"stat.mineBlock.minecraft.stone":9,"stat.mineBlock.minecraft.tallgrass":3,"stat.diveOneCm":251}